Ln-nm	rel.Emission
8.424386513	1.40927E-06
8.424386513	1.40927E-06
8.430952214	0.028359434
8.434703903	0.050701992
8.467531822	0.04640513
8.474097523	0.0360928
8.485352983	0.034373492
8.490042741	0.045544771
8.502235879	0.039530009
8.521932982	0.030936283
8.539706291	1.40927E-06
8.924310823	1.40927E-06
8.924310823	1.40927E-06
8.938379903	0.017188155
8.944007731	0.041249317
8.945180561	0.041786249
8.947525635	0.042860817
8.949870124	0.04393468
8.952214613	0.045009248
8.953387052	0.045545475
8.95666961	0.061443444
8.959952558	0.077340709
8.964642512	0.077340709
8.965228439	0.071110328
8.966401073	0.058650272
8.967573904	0.046190216
8.968746343	0.03373016
8.96933227	0.02749978
8.971442583	0.026425916
8.974607956	0.024814417
8.976718269	0.023739849
8.977773328	0.023203622
8.979414704	0.042323181
8.982697652	0.080563003
8.984339029	0.099682562
8.986215948	0.235455106
8.989498505	0.2419004
8.992781453	0.248344989
8.996533533	0.3506044
9.004505849	0.355760213
9.012478556	0.360916025
9.012829917	0.378102771
9.01353342	0.412475558
9.014237118	0.44684764
9.014940621	0.481220427
9.015292177	0.498407173
9.01857493	0.500126482
9.023733625	0.626445646
9.024319356	0.611300227
9.025140435	0.503562986
9.025491601	0.581009389
9.027250748	0.535572428
9.028423188	0.50528159
9.033112947	0.623008438
9.034285777	0.618389557
9.036630851	0.609151796
9.04014778	0.595295154
9.042492464	0.586057392
9.043195966	0.586002431
9.044602777	0.585892508
9.046009782	0.585784699
9.047416593	0.585677594
9.049526906	0.585517642
9.051637219	0.585359099
9.053044225	0.5852527
9.053747728	0.585199147
9.057499417	0.728705762
9.057512503	0.729163775
9.057539651	0.730065707
9.057567971	0.730950024
9.057597853	0.731816725
9.057628907	0.732665809
9.057661328	0.733496574
9.057694922	0.734309722
9.057729882	0.735105255
9.05775703	0.735690806
9.057775389	0.736075537
9.057794334	0.736455335
9.057813279	0.73683161
9.05783281	0.737202952
9.057852536	0.737570772
9.057872457	0.737933659
9.05789277	0.738292318
9.057913472	0.738646749
9.057934566	0.738996952
9.057955854	0.739342928
9.057977338	0.739684676
9.057999213	0.740021491
9.058021478	0.740354784
9.058044134	0.740683848
9.058066985	0.741008685
9.058090032	0.741328589
9.058113469	0.74164497
9.058137296	0.741957123
9.058161515	0.742265048
9.058185733	0.742568746
9.058210537	0.742868216
9.058235537	0.743163458
9.058260732	0.743454472
9.058286512	0.743741258
9.058312293	0.744024521
9.058338465	0.744302852
9.058365027	0.74457766
9.058391784	0.744848239
9.058418932	0.745114591
9.05844647	0.745376715
9.058474204	0.745635316
9.058502133	0.745889689
9.058530453	0.746139835
9.058558968	0.746385752
9.058587874	0.746628147
9.05861717	0.746866313
9.058646662	0.747100252
9.058676349	0.747329963
9.058706427	0.747556151
9.058736895	0.747778111
9.058767558	0.747996547
9.058798417	0.748210052
9.058829667	0.748420737
9.058861307	0.748626491
9.058893142	0.748828721
9.058925173	0.749027428
9.058957594	0.749221907
9.058990211	0.749412158
9.059023218	0.749598887
9.05905642	0.749781387
9.059090013	0.749960364
9.059123802	0.750135114
9.059157981	0.75030634
9.059192355	0.750473338
9.059226925	0.750636814
9.059261885	0.750796766
9.059297236	0.75095249
9.059332587	0.751103986
9.059368524	0.751252664
9.059404461	0.75139641
9.059440788	0.751537337
9.059477506	0.751674036
9.05951442	0.751807212
9.059551528	0.75193616
9.059589028	0.752061585
9.059626722	0.752183487
9.059664808	0.752301866
9.059702893	0.752416016
9.059741564	0.752526644
9.059780235	0.752633044
9.059819492	0.752736625
9.059858749	0.752835979
9.059898397	0.752931809
9.05993824	0.753024116
9.059978474	0.7531129
9.060018903	0.753197456
9.060059527	0.753279194
9.060100542	0.753356704
9.060141752	0.75343069
9.060172806	0.753483538
9.060193509	0.753518065
9.060214407	0.753551888
9.060235305	0.753584301
9.060256398	0.753616009
9.060277492	0.753646309
9.060298585	0.753676608
9.060319874	0.753705498
9.060340967	0.753733683
9.060362451	0.753760459
9.06038374	0.753786531
9.060405224	0.753812602
9.060426708	0.75383656
9.060448387	0.753860518
9.060470066	0.753883066
9.060491746	0.75390491
9.06051362	0.753926049
9.0605353	0.753946483
9.06055737	0.753965508
9.060579244	0.753983829
9.060601314	0.754001445
9.060623384	0.754017651
9.060645649	0.754033858
9.060667719	0.754048655
9.06069018	0.754062043
9.060712445	0.754075431
9.060734905	0.75408741
9.060757366	0.754099389
9.060780022	0.754109958
9.060802482	0.754119119
9.060825138	0.754128279
9.060847989	0.75413603
9.06087084	0.754143076
9.060893692	0.754149418
9.060916543	0.75415435
9.060939589	0.754159283
9.060962636	0.754162806
9.060985682	0.754165624
9.061008924	0.754167738
9.061032166	0.754168443
9.061055407	0.754168443
9.061078844	0.754167738
9.061102282	0.754166329
9.061125719	0.754164215
9.061149351	0.754161397
9.061172983	0.754157169
9.061196616	0.754152236
9.061220443	0.754146599
9.061244076	0.754139553
9.061268099	0.754132507
9.061291927	0.754124051
9.06131595	0.754114891
9.061339973	0.754105026
9.061364191	0.754094456
9.061388214	0.754083182
9.061412432	0.754070499
9.061436846	0.754057111
9.061461259	0.754043018
9.061485673	0.754028221
9.061510087	0.754012719
9.0615345	0.753995807
9.061559109	0.753978896
9.061583913	0.753960576
9.061608522	0.753941551
9.061633327	0.753921116
9.061658131	0.753900682
9.06168313	0.753879543
9.06170813	0.753856994
9.061733129	0.753833741
9.061758129	0.753809784
9.061783324	0.753785122
9.061808519	0.753759755
9.061833714	0.753732979
9.061859104	0.753705498
9.061897189	0.75366322
9.061948165	0.753604031
9.061999336	0.753541318
9.062050897	0.753475787
9.062102459	0.753406733
9.062154411	0.75333486
9.062206558	0.753259464
9.062259096	0.75318125
9.062311635	0.753099512
9.062364563	0.753014251
9.062417687	0.752926172
9.062471007	0.752835274
9.062524521	0.752740853
9.062578231	0.752643613
9.062632332	0.752543555
9.062686628	0.752439974
9.062740924	0.752332869
9.06279561	0.752222946
9.062850687	0.752110205
9.062905764	0.751994645
9.062961037	0.751875562
9.0630167	0.75175366
9.063072558	0.751628235
9.063128612	0.751500696
9.063184861	0.751369634
9.063241305	0.751235049
9.063297945	0.751098349
9.063354975	0.750958127
9.063412005	0.750815086
9.063469426	0.750669227
9.063526847	0.750519844
9.063584658	0.750368348
9.063642665	0.750213328
9.063700867	0.75005549
9.063759264	0.749894833
9.063818052	0.749731358
9.06387684	0.749565064
9.063935824	0.749395247
9.063995198	0.749223316
9.064054572	0.749047862
9.064114336	0.748870294
9.064174296	0.748689203
9.064234256	0.748505998
9.064294606	0.74831927
9.064355152	0.748129723
9.064415893	0.747937358
9.06447683	0.747742879
9.064537961	0.747544876
9.064599288	0.74734476
9.064660811	0.747141121
9.064722724	0.746935367
9.064784636	0.746726091
9.064846745	0.7465147
9.064909048	0.746300491
9.064971742	0.746083464
9.065034437	0.745863618
9.065097326	0.745640953
9.065160606	0.745416175
9.065223886	0.745188578
9.065319197	0.744841193
9.065447124	0.744369792
9.065575833	0.743887822
9.065705128	0.743394578
9.065835399	0.742891469
9.065966256	0.742378495
9.066097894	0.741854246
9.066230509	0.741320133
9.066363514	0.740776155
9.066497496	0.740222312
9.066632064	0.739658604
9.066767608	0.739084327
9.066903543	0.73850089
9.067040455	0.737906883
9.067177952	0.737303715
9.067316036	0.736691388
9.067455096	0.736069195
9.067594546	0.735437842
9.067734973	0.734796625
9.067875791	0.734146247
9.068017586	0.733486709
9.06815977	0.732818715
9.068302737	0.732140856
9.068446289	0.731454542
9.068590622	0.730759068
9.068735541	0.730055138
9.068881046	0.729342047
9.069027333	0.728620501
9.069174205	0.7278905
9.069321663	0.727152043
9.069469708	0.726404425
9.069618338	0.725649057
9.069692946	0.725268554
9.073913572	0.714097275
9.078134394	0.702925996
9.085637773	0.704645304
9.085698319	0.712057357
9.085818043	0.726880758
9.08593601	0.741703454
9.086053	0.756526855
9.086226825	0.778762309
9.086400454	0.800997058
9.086516273	0.815820459
9.08657467	0.823231807
9.086591662	0.823559462
9.086626818	0.824208431
9.08666295	0.824848944
9.086700449	0.825479592
9.08673912	0.826100375
9.086769002	0.826559092
9.086789315	0.826862085
9.086810017	0.827161555
9.086830915	0.827458206
9.086852399	0.827752039
9.086874274	0.828042349
9.086896539	0.82832984
9.086919195	0.828614512
9.086942241	0.828895661
9.086965679	0.829173287
9.086989506	0.82944739
9.08701392	0.829718675
9.087038724	0.829985731
9.087063919	0.830249265
9.0870897	0.830509275
9.087115871	0.830765762
9.087142628	0.831018021
9.087169776	0.831266052
9.08719751	0.831510561
9.087225635	0.831750841
9.087254345	0.831986894
9.087283642	0.832218719
9.087313524	0.832446316
9.087343992	0.832669685
9.087374851	0.832888122
9.087406491	0.833102331
9.087438522	0.833312312
9.087471138	0.833516656
9.087504536	0.833716772
9.087538324	0.833912661
9.087572894	0.834102912
9.08760805	0.834288231
9.087643987	0.834468617
9.087680314	0.834644071
9.087717423	0.834813888
9.087755117	0.834978773
9.087793593	0.835138725
9.08783285	0.835292335
9.087862537	0.835404372
9.087882654	0.835477654
9.087902966	0.835548822
9.087923474	0.835619286
9.087943981	0.835687635
9.087964879	0.835754576
9.087985777	0.835820811
9.088007066	0.835884933
9.088028355	0.83594835
9.088049839	0.836009653
9.088071518	0.836069547
9.088093588	0.836128032
9.088115658	0.836185108
9.088137923	0.836240774
9.088160383	0.836294326
9.088183039	0.836347174
9.08820589	0.836397907
9.088228937	0.836447232
9.088252179	0.836495147
9.088275616	0.836541653
9.088299248	0.836586749
9.088323076	0.836629732
9.088347294	0.836671306
9.088371512	0.83671147
9.088395926	0.83674952
9.088420535	0.836786866
9.088445339	0.836822097
9.088470534	0.836855215
9.088495729	0.836887628
9.088521314	0.836917928
9.0885469	0.836946113
9.088572876	0.836973594
9.088599047	0.836998961
9.088625219	0.837022214
9.088651781	0.837044057
9.088678538	0.837064492
9.088705491	0.837082812
9.088732834	0.837099723
9.088760177	0.837114521
9.088787716	0.837127909
9.088815645	0.837139888
9.088843769	0.837149752
9.088872089	0.837157503
9.088900604	0.837163845
9.088929315	0.837168073
9.08895822	0.837170892
9.088987517	0.837171596
9.089016813	0.837170892
9.0890465	0.837168073
9.089076382	0.837163845
9.089106655	0.837157503
9.089136928	0.837149048
9.089167592	0.837138478
9.08919845	0.8371265
9.089229505	0.837113111
9.089260754	0.837096905
9.089292199	0.837079289
9.089324034	0.837059559
9.089356065	0.83703842
9.089388486	0.837015167
9.089420907	0.8369898
9.089453719	0.83696232
9.089486726	0.83693343
9.089519929	0.836901721
9.089553522	0.836868603
9.089587311	0.836833372
9.089621294	0.83679673
9.089655473	0.836757271
9.089690043	0.836716402
9.089724808	0.836672715
9.089759768	0.836627618
9.089795119	0.836580408
9.089830666	0.836531083
9.089866407	0.836480349
9.089902539	0.836426797
9.089938867	0.836371131
9.089975389	0.836313351
9.090012303	0.836254162
9.090049412	0.836192154
9.090086911	0.836128737
9.090124605	0.836062501
9.090162495	0.835994152
9.090200581	0.835924393
9.090239057	0.835851815
9.090277923	0.835777124
9.090316789	0.835700319
9.090356242	0.8356214
9.090395694	0.835540367
9.090435537	0.83545722
9.090475771	0.835371959
9.0905162	0.83528388
9.090556824	0.835194391
9.090597839	0.835102084
9.090639049	0.835007663
9.09068065	0.834911128
9.090722446	0.834812479
9.090764438	0.834711012
9.09080682	0.834608135
9.090849592	0.83450244
9.09089256	0.834393926
9.090935724	0.834284003
9.090979473	0.834171261
9.091023222	0.834056406
9.091067362	0.833938732
9.091111892	0.833819649
9.091156618	0.833697747
9.091201539	0.833573027
9.091247046	0.833446192
9.091315599	0.833251713
9.091407981	0.832984657
9.091501729	0.83270703
9.091596649	0.832420244
9.091692936	0.832122888
9.0917902	0.831816372
9.091889027	0.831499991
9.091988829	0.831173041
9.092090195	0.830836225
9.092192732	0.830489545
9.092296441	0.830132295
9.092401517	0.829764476
9.092507961	0.829386792
9.092615771	0.828998538
9.092724754	0.828599715
9.092835298	0.828190322
9.092947015	0.82777036
9.093060099	0.827339123
9.093174745	0.826897317
9.093290564	0.826444942
9.093407749	0.825981292
9.093526497	0.825506368
9.093646612	0.825020875
9.093768094	0.824524107
9.093890943	0.824015361
9.094015355	0.823496045
9.094078049	0.823231807
9.108147129	0.763079254
9.108193027	0.762939736
9.108284627	0.762662815
9.108376422	0.762388712
9.108467827	0.762118132
9.108559231	0.761849666
9.108650636	0.761584019
9.108741845	0.761321895
9.108832859	0.761062589
9.108923873	0.760806807
9.109014692	0.760553843
9.10910551	0.760304402
9.109196134	0.76005778
9.109286562	0.759814681
9.10937699	0.759575105
9.109467223	0.759339053
9.109557455	0.759105819
9.109647297	0.758876812
9.109737335	0.758651329
9.109826982	0.758429369
9.109916628	0.758210932
9.11000608	0.757996019
9.110095531	0.757785333
9.110184788	0.75757817
9.110273849	0.757375236
9.110362714	0.757175824
9.11045158	0.75698064
9.11054025	0.75678898
9.110628725	0.756602251
9.110717005	0.756419046
9.110805284	0.756240069
9.110893369	0.756066024
9.110981258	0.755895503
9.111068951	0.755729209
9.11115645	0.755567848
9.111222074	0.755449469
9.111265823	0.755371959
9.111309377	0.755295859
9.111352931	0.755220463
9.111396484	0.755146476
9.111440038	0.755073194
9.111483592	0.755002026
9.111526951	0.754930858
9.111570309	0.754861804
9.111613668	0.754793454
9.111657027	0.754726514
9.111700385	0.754660278
9.111743548	0.754595452
9.111786712	0.754532034
9.111829875	0.754469322
9.111872843	0.754408723
9.111916006	0.754348829
9.111958974	0.75428964
9.112001942	0.754232565
9.11204491	0.754176194
9.112087683	0.754121232
9.112130651	0.754066976
9.112173423	0.754014833
9.112216001	0.753963394
9.112258773	0.753913365
9.112301351	0.753864745
9.112343928	0.75381683
9.112386505	0.753771029
9.112429083	0.753725932
9.112471465	0.753682245
9.112514042	0.753639967
9.112556424	0.753599098
9.112598611	0.753559639
9.112640993	0.753520884
9.11268318	0.753484243
9.112725366	0.753448306
9.112767553	0.753413779
9.112809545	0.753380661
9.112851536	0.753348953
9.112893527	0.753318653
9.112935519	0.753289763
9.11297751	0.753262283
9.113019306	0.753236211
9.113061103	0.753210844
9.113102703	0.753187591
9.113144499	0.753165748
9.1131861	0.753144609
9.113227701	0.753125584
9.113269302	0.753107968
9.113310707	0.753091056
9.113352113	0.753076259
9.113393518	0.753062871
9.113434924	0.753050892
9.113476134	0.753040323
9.113517344	0.753030458
9.113558554	0.753022707
9.113599765	0.753016365
9.11364078	0.753012137
9.113681794	0.753008614
9.113722809	0.7530065
9.113763629	0.7530065
9.113804644	0.753007205
9.113845463	0.753010023
9.113886088	0.753014251
9.113926907	0.753019888
9.113967531	0.753026935
9.114008156	0.75303539
9.114048585	0.75304596
9.114089014	0.753057234
9.114129443	0.753070622
9.114169871	0.753085419
9.1142103	0.753101626
9.114250534	0.753119946
9.114290572	0.753139676
9.114330806	0.753160815
9.114370844	0.753183364
9.114410883	0.753207321
9.114450921	0.753233393
9.114490764	0.753260873
9.114530607	0.753289763
9.11457045	0.753320767
9.114610293	0.753353181
9.114649941	0.753387003
9.114689589	0.753422235
9.114729041	0.75345958
9.114768689	0.753498335
9.114808141	0.753539204
9.114847398	0.753581482
9.114886851	0.75362517
9.114926108	0.753670971
9.114965365	0.753718181
9.115004427	0.753766801
9.115043488	0.753817535
9.11508255	0.753869678
9.115121612	0.753923935
9.115160478	0.753979601
9.115199345	0.754036676
9.115238016	0.754095866
9.115276883	0.754156464
9.115315554	0.754219177
9.11535403	0.754283298
9.115392701	0.754349534
9.115431177	0.754417179
9.115469457	0.754486938
9.115507933	0.754558106
9.115546214	0.754631388
9.115584299	0.754706079
9.115622579	0.754782884
9.115660665	0.754861099
9.115698555	0.754941427
9.11573664	0.75502387
9.11577453	0.755107721
9.11581242	0.755193686
9.115850114	0.755281061
9.115887809	0.755369845
9.115925504	0.755461448
9.115963003	0.755554459
9.116000502	0.755649585
9.116038002	0.75574612
9.116075306	0.755844769
9.11611261	0.755944827
9.116149914	0.756046999
9.116187022	0.756151285
9.116224131	0.756257685
9.11626124	0.756365494
9.116298153	0.756475417
9.116335066	0.756587454
9.11637198	0.7567009
9.116408698	0.75681646
9.116445416	0.756934134
9.116481939	0.757053218
9.116518462	0.757175119
9.116554984	0.75729843
9.116591507	0.757423151
9.116627835	0.75755069
9.116664162	0.757679638
9.116700294	0.7578107
9.116736426	0.757943876
9.116772559	0.758079166
9.116808495	0.758216569
9.116844432	0.758355383
9.116880369	0.758496309
9.116916111	0.75863935
9.116951852	0.758784505
9.116987398	0.758931774
9.117022945	0.759081156
9.117058491	0.759231948
9.117093842	0.759385559
9.117129193	0.759540578
9.117164544	0.759697712
9.117217277	0.759937992
9.117287393	0.760264943
9.117357118	0.760599644
9.117426648	0.760943506
9.117495983	0.761295823
9.117564732	0.761655892
9.11763348	0.76202512
9.117701643	0.762402804
9.117769611	0.762788944
9.117837383	0.76318354
9.117904765	0.763587295
9.117971755	0.763999507
9.118038551	0.764420878
9.118104956	0.764850706
9.118170971	0.765289693
9.11823679	0.765737136
9.118302218	0.766194444
9.118367451	0.766660208
9.118432099	0.767135131
9.11846452	0.767376116
9.118525066	0.772478377
9.118644595	0.782682897
9.118762757	0.792886712
9.118879551	0.803091233
9.119053572	0.818398013
9.119227006	0.833704793
9.11934302	0.843909314
9.119401222	0.849011574
9.122683779	0.861041802
9.125966923	0.873072736
9.128077236	0.871998168
9.131242803	0.870386668
9.133353116	0.869312805
9.134408371	0.868775873
9.140036003	0.663398101
9.143787692	0.525906953
9.143830074	0.525501083
9.144037493	0.523522469
9.144257606	0.52143675
9.144458774	0.519539874
9.144607795	0.518140469
9.144767557	0.516648053
9.1449365	0.515074603
9.14511384	0.5134321
9.145297821	0.51173393
9.145487857	0.509992073
9.145682189	0.508219212
9.145880037	0.506426621
9.146080034	0.504628393
9.146280811	0.502836507
9.146481589	0.501062237
9.146631195	0.499751616
9.146730022	0.498889848
9.146828457	0.498040058
9.146925721	0.497203657
9.147022204	0.496381348
9.147117319	0.495575246
9.147211068	0.494787465
9.147303449	0.494018708
9.147394072	0.493271091
9.147482938	0.492546021
9.14756985	0.49184491
9.14765481	0.49116987
9.147737425	0.490520901
9.147817502	0.489901527
9.147895235	0.489312453
9.147970234	0.488754382
9.148042303	0.488230134
9.148111442	0.487741117
9.148161246	0.48739796
9.148193472	0.487180933
9.148224721	0.48697377
9.148255385	0.486775768
9.148284876	0.486588335
9.148313587	0.486410767
9.148341516	0.486243768
9.148368469	0.486087339
9.148394445	0.48594148
9.148419444	0.485806895
9.148443272	0.485683584
9.148466318	0.485570842
9.148477451	0.485519404
9.148483115	0.485494037
9.148495029	0.485443303
9.148508114	0.485391865
9.148522177	0.485339722
9.148537215	0.485286874
9.148553231	0.485234027
9.148570223	0.485180475
9.148588191	0.485126218
9.148607136	0.485071961
9.148627058	0.485016999
9.148647956	0.484961333
9.14866983	0.484904962
9.148692486	0.484848592
9.148716118	0.484791516
9.148740727	0.484734441
9.148766313	0.484675956
9.14879268	0.484617471
9.148820023	0.484558987
9.148848147	0.484499797
9.148877248	0.484439903
9.148907131	0.484379305
9.148937794	0.484318706
9.148969434	0.484258108
9.149001855	0.484196804
9.149035253	0.484134797
9.149069432	0.484072084
9.14912197	0.483978368
9.149195211	0.483850829
9.149271382	0.483722585
9.149350677	0.483592933
9.149433098	0.483461166
9.149518448	0.483328694
9.149606532	0.483194109
9.149697546	0.483058819
9.149791294	0.48292212
9.149887777	0.482784716
9.149986798	0.482645199
9.150088359	0.482504976
9.150192263	0.48236405
9.150298707	0.482221713
9.150407689	0.482078672
9.150518625	0.481934927
9.150631904	0.481789772
9.150747527	0.481643913
9.150864908	0.481497349
9.150984437	0.48135008
9.151105919	0.481202107
9.151229354	0.481053429
9.151354352	0.480904751
9.151481303	0.480754664
9.151609816	0.480604577
9.151740087	0.480453785
9.151871725	0.480302993
9.152004926	0.480151496
9.152139494	0.479999295
9.152275429	0.479847799
9.152412731	0.479695598
9.15255101	0.479542692
9.152690656	0.479390491
9.152831278	0.479237585
9.152972877	0.479085384
9.153115453	0.478932478
9.153258809	0.478779573
9.153402947	0.478627372
9.153548062	0.47847517
9.153693567	0.478322969
9.153839853	0.478171473
9.15398653	0.478019976
9.154133793	0.47786848
9.154281447	0.477717688
9.154429296	0.477566896
9.154577535	0.477417514
9.15472597	0.477268131
9.154948818	0.477044762
9.155245883	0.476750225
9.155542752	0.476457801
9.155838645	0.476169606
9.15613278	0.475884229
9.156425158	0.475603784
9.156714801	0.475326862
9.157001515	0.475055578
9.157284517	0.474789226
9.157563223	0.474527807
9.157837437	0.474273434
9.158106182	0.474024697
9.158369263	0.473783008
9.158626095	0.473548364
9.158875895	0.473320767
9.159118468	0.473100921
9.159353034	0.472889531
9.159579007	0.472687301
9.15979619	0.472493526
9.160003609	0.472308912
9.160295986	0.472050311
9.160647152	0.471741681
9.160950662	0.471476738
9.161201829	0.471259006
9.161396747	0.471091303
9.161573697	0.470940511
9.161608853	0.470910917
9.163016054	0.478644283
9.165829675	0.494112424
9.16723629	0.501845791
9.167587846	0.504853876
9.168291349	0.510869343
9.168995047	0.516884105
9.169698549	0.522899572
9.17004991	0.525906953
9.178491358	0.533211197
9.186933002	0.54051544
9.188809921	0.643633801
9.201940737	0.878228548
9.201940737	0.658242289
9.201999915	0.878235595
9.202296785	0.878276463
9.202531156	0.878309581
9.202716895	0.878337062
9.202925094	0.878368771
9.203154582	0.878404002
9.203404187	0.878444167
9.203672932	0.878487854
9.203959841	0.878535769
9.204263937	0.878588617
9.204583853	0.878644987
9.204919003	0.878706291
9.20517935	0.87875491
9.205357276	0.878788733
9.205538132	0.878823965
9.205722113	0.878859901
9.205908829	0.878897247
9.206098474	0.878935297
9.206290658	0.878974756
9.206485381	0.879014921
9.206682447	0.879057199
9.206881858	0.879099477
9.207083221	0.879143869
9.207286538	0.879188965
9.207491808	0.879235471
9.20769864	0.879282682
9.20790723	0.879331302
9.208117187	0.879381331
9.208328316	0.879432064
9.208540812	0.879484207
9.208754285	0.87953776
9.208968539	0.879592016
9.209183769	0.879647683
9.209399586	0.879704758
9.209615988	0.879763243
9.209832586	0.879822432
9.210049769	0.879883031
9.210266757	0.879944334
9.210483941	0.880007751
9.210700929	0.880071873
9.210917527	0.880137404
9.211133929	0.880204344
9.211349745	0.880271989
9.211564781	0.880341043
9.21177923	0.880411507
9.211992507	0.880483379
9.212205003	0.880556661
9.212416132	0.880630648
9.212625894	0.880706749
9.212834289	0.880783554
9.213041121	0.880861768
9.213246195	0.880940687
9.213398927	0.881001286
9.213500097	0.881042155
9.213600681	0.881083024
9.213700875	0.881124597
9.213800287	0.88116617
9.213899308	0.881207744
9.213997939	0.881250022
9.214095789	0.881293005
9.214193053	0.881335987
9.214289731	0.88137897
9.214385823	0.881422658
9.214481134	0.88146705
9.214575859	0.881511442
9.214669802	0.881555833
9.21476316	0.88160093
9.214855736	0.881646027
9.214947727	0.881691828
9.215038741	0.881737629
9.215129169	0.881784135
9.215218816	0.881830641
9.215307486	0.881877852
9.21539557	0.881925062
9.215482678	0.881972273
9.215569005	0.882020188
9.215654355	0.882068808
9.215738923	0.882117427
9.215822516	0.882166752
9.215905327	0.882216076
9.215987161	0.882265401
9.216068019	0.88231543
9.2161479	0.882366163
9.216226805	0.882416897
9.216304733	0.882467631
9.216344186	0.906909296
9.216344186	0.906413233
9.216344772	0.907410291
9.216344772	0.905921398
9.216346139	0.905434495
9.216346334	0.907915514
9.216348092	0.904951821
9.216348287	0.90842567
9.216351022	0.908939349
9.216351022	0.904474783
9.216354342	0.90945796
9.216354342	0.904001973
9.216358443	0.909980799
9.216358639	0.903534096
9.216363131	0.910507161
9.216363521	0.903071855
9.216368404	0.911037751
9.216369381	0.902614547
9.216374263	0.911572569
9.216375631	0.902162172
9.216380904	0.91211091
9.216381685	0.882519069
9.216382857	0.901715433
9.216387935	0.912653478
9.216390865	0.901274332
9.216395747	0.91319957
9.216399654	0.900838163
9.216404146	0.91374989
9.216409028	0.900407631
9.21641313	0.914303028
9.21641938	0.899982736
9.216427583	0.91513943
9.216430317	0.899563479
9.216442231	0.899149154
9.216449067	0.916266845
9.216454926	0.898741875
9.21645766	0.882570508
9.216468402	0.898339528
9.216472504	0.917407649
9.21648266	0.897943524
9.216497699	0.897553861
9.21649848	0.918561136
9.216513714	0.897169835
9.216526214	0.919725897
9.216530511	0.89679215
9.216532464	0.88262265
9.216548088	0.896420103
9.216556291	0.920901932
9.216566643	0.896055102
9.216585978	0.895696443
9.216588322	0.922089242
9.216606095	0.895344126
9.21660629	0.882675498
9.216622306	0.923286416
9.216627189	0.89499815
9.216649258	0.894658516
9.216658047	0.924492751
9.216671914	0.894325929
9.216678945	0.882728346
9.216695742	0.925708951
9.216695742	0.894000388
9.216720351	0.893681188
9.21673539	0.926932901
9.216745936	0.893369035
9.216750624	0.882781193
9.216772303	0.893063928
9.2167766	0.928164603
9.216799842	0.892765163
9.216819373	0.929404055
9.21682113	0.882834746
9.216828161	0.892474149
9.216857262	0.892190181
9.216863903	0.930649849
9.216887535	0.891913964
9.216890465	0.882888298
9.216909996	0.931901985
9.216918785	0.891644794
9.216950815	0.89138267
9.216957651	0.933159054
9.216958628	0.882942555
9.216983823	0.891128296
9.217006674	0.934421054
9.217018002	0.890881674
9.217025619	0.882997516
9.217044173	0.890701288
9.217057064	0.935687988
9.217061751	0.890583614
9.217079915	0.890468054
9.217091633	0.883052478
9.217098078	0.890353903
9.217109016	0.93695774
9.217116633	0.890241866
9.217135382	0.890131943
9.217154327	0.890024134
9.21715628	0.883107439
9.217161944	0.938231014
9.217173663	0.889917734
9.217192999	0.889814153
9.21721292	0.889711981
9.21721624	0.939507108
9.217219756	0.883163105
9.217232842	0.889611922
9.217253154	0.889513978
9.217271708	0.940785315
9.217273661	0.889418148
9.217282059	0.883218771
9.217294364	0.889323727
9.217315457	0.889232124
9.217328348	0.942064227
9.217336746	0.889141931
9.217342996	0.883275142
9.21735823	0.889054556
9.217380105	0.888968591
9.217385964	0.943344549
9.217402174	0.888884739
9.21740276	0.883332218
9.21742444	0.888803002
9.217444557	0.94462487
9.217447096	0.888724083
9.217461353	0.883388588
9.217469947	0.888646573
9.217493188	0.888571177
9.217504126	0.945904487
9.21751643	0.888497895
9.217518579	0.883446368
9.217540258	0.888426727
9.217564086	0.888357673
9.217564476	0.947183399
9.217574437	0.883504149
9.217588304	0.888291437
9.217612718	0.888226611
9.217625803	0.948460902
9.217628928	0.883561929
9.217637522	0.888163898
9.217662521	0.888104004
9.217682247	0.883620413
9.217687716	0.888045519
9.217687911	0.949735586
9.217713302	0.887989853
9.2177342	0.883678898
9.217739082	0.887936301
9.217750606	0.951008156
9.217765254	0.887884863
9.217784589	0.883738087
9.217791621	0.887835538
9.217814081	0.952277203
9.217818183	0.887788328
9.217833807	0.883797981
9.217845135	0.887743936
9.217872283	0.887700953
9.217878142	0.953542727
9.217881463	0.883857875
9.21788615	0.887680519
9.217913298	0.887640354
9.217927751	0.883917769
9.21794279	0.954803319
9.217965836	0.887560026
9.217972477	0.883978368
9.218007828	0.956058978
9.218015835	0.884039671
9.218016226	0.887480402
9.218057827	0.884100974
9.218064272	0.887401483
9.218073256	0.957309705
9.218098256	0.884162277
9.218110169	0.88732186
9.218137122	0.884224285
9.21813927	0.958553385
9.218153723	0.887243645
9.218174621	0.884286998
9.218195129	0.887165431
9.21820548	0.959790019
9.218210363	0.88434971
9.218234191	0.887087216
9.218244737	0.884412423
9.218271104	0.887010411
9.218271885	0.961019606
9.218277549	0.88447584
9.218305869	0.886932901
9.218308603	0.884539962
9.218338095	0.884604083
9.218338486	0.886856096
9.218338681	0.962241443
9.218366024	0.88466891
9.218368954	0.886779995
9.218392391	0.884733736
9.218397274	0.886703895
9.218405477	0.963454824
9.218417	0.884799267
9.218423445	0.886628499
9.218440046	0.884864798
9.218447663	0.886553808
9.21846114	0.884931034
9.218469538	0.886479116
9.218472468	0.96465834
9.218480866	0.88499727
9.218489655	0.886404425
9.218498639	0.88506421
9.218507428	0.886330438
9.21851485	0.88513115
9.218523443	0.886257156
9.218529107	0.885198795
9.21853731	0.886183874
9.218539458	0.965852696
9.218541802	0.88526644
9.218549224	0.886111297
9.218552544	0.88533479
9.218558989	0.88603872
9.218561528	0.885403844
9.218566997	0.885966142
9.218568755	0.885472898
9.218572856	0.885894974
9.218574223	0.885541952
9.218576958	0.885823806
9.218577739	0.885611711
9.218579106	0.885752638
9.218579301	0.885682175
9.218606449	0.967036482
9.218673245	0.968209699
9.218773439	0.969947329
9.218906053	0.97222048
9.219037496	0.974439375
9.219167181	0.976599785
9.219294523	0.978696073
9.219419325	0.980724717
9.219541003	0.982680078
9.219659165	0.98455793
9.219773225	0.986353339
9.219882989	0.988062078
9.219987674	0.989679215
9.220087087	0.991199817
9.220180835	0.992619656
9.220268138	0.9939338
9.220348801	0.995137316
9.220456221	0.996725562
9.220571648	0.998413867
9.220678287	0.999947857
9.220699771	1.000251555
9.220724184	1.0003953
9.220773207	1.000679268
9.22082262	1.000959713
9.220872033	1.001235929
9.220921837	1.001507918
9.220971641	1.00177568
9.221021835	1.002039918
9.221072225	1.002299928
9.221122615	1.00255571
9.221173395	1.00280656
9.221224371	1.003053887
9.221275346	1.003296986
9.221326712	1.003535857
9.221378274	1.003769796
9.221430031	1.003999507
9.221482178	1.00422499
9.221534326	1.004446245
9.221586669	1.004662568
9.221639402	1.004873958
9.221692331	1.005081826
9.221745455	1.005284056
9.221798774	1.005482058
9.221852289	1.005675833
9.221905999	1.005864675
9.221960099	1.006048585
9.222014395	1.006227562
9.222068886	1.006401607
9.222123573	1.006571424
9.222178455	1.006735603
9.222233727	1.006895556
9.222289195	1.007049871
9.222344858	1.007199253
9.222386849	1.007308471
9.222414974	1.00737964
9.222442903	1.007449398
9.222471223	1.007517748
9.222499347	1.007584688
9.222527667	1.007650924
9.222555987	1.00771575
9.222584307	1.007778463
9.222612822	1.007840471
9.222641337	1.007901774
9.222670047	1.007960963
9.222698758	1.008018743
9.222727468	1.008075819
9.222756179	1.008131485
9.222785084	1.008185037
9.22281399	1.008237885
9.222842896	1.008289323
9.222871997	1.008340057
9.222901098	1.008388677
9.222930394	1.008435887
9.222959691	1.008482393
9.222988987	1.008526785
9.223018283	1.008570472
9.223047775	1.008612046
9.223077267	1.008652915
9.223106954	1.008691669
9.223136445	1.00872972
9.223166327	1.008766361
9.223196014	1.008801592
9.223225897	1.008835415
9.223255779	1.008867124
9.223285857	1.008898127
9.223315934	1.008927722
9.223346012	1.008955907
9.223376285	1.008982684
9.223406557	1.00900805
9.22343683	1.009032008
9.223467299	1.009053852
9.223497767	1.009074991
9.223528235	1.009094721
9.223558898	1.009112336
9.223589562	1.009129248
9.223620421	1.00914475
9.223651084	1.009158138
9.223682138	1.009170116
9.223712997	1.009181391
9.223744051	1.009190551
9.223775301	1.009198302
9.223806355	1.009204644
9.223837604	1.009209576
9.223869049	1.009213099
9.223900494	1.009215213
9.223931939	1.009215213
9.223963383	1.009214508
9.223995023	1.00921169
9.224026859	1.009207462
9.224058499	1.009201825
9.224090334	1.009194779
9.224122365	1.009186323
9.224154395	1.009175754
9.224186426	1.009163775
9.224218652	1.009151091
9.224250878	1.009136294
9.224283104	1.009119383
9.224315525	1.009101767
9.224347947	1.009082037
9.224380563	1.009060898
9.224412985	1.00903835
9.224445796	1.009014392
9.224478608	1.008989025
9.22451142	1.008961545
9.224544232	1.008932655
9.224577239	1.008902355
9.224610247	1.008869942
9.224643449	1.00883612
9.224676652	1.008800888
9.224710049	1.008764247
9.224743447	1.008725492
9.224776845	1.008685328
9.224810438	1.008643754
9.224844031	1.008600772
9.224877624	1.008555675
9.224911413	1.008509169
9.224945397	1.008460549
9.224979185	1.00841052
9.225013364	1.008359082
9.225047348	1.008306234
9.225081527	1.008251273
9.225115901	1.008194902
9.22515008	1.008136417
9.22518465	1.008076523
9.225219025	1.00801522
9.225253594	1.007951803
9.225288359	1.007886977
9.225323124	1.007820741
9.225357889	1.007752391
9.22539285	1.007682633
9.22542781	1.00761076
9.225462965	1.007537478
9.225498121	1.007462786
9.225533277	1.007385981
9.225568628	1.007307062
9.225604174	1.007226734
9.225639525	1.007144996
9.225675266	1.007061145
9.225710812	1.006975884
9.225746554	1.006889214
9.225782491	1.00680043
9.225818428	1.006709532
9.225854365	1.006617225
9.225890497	1.006522804
9.225926629	1.006426973
9.225962956	1.006329029
9.225999284	1.006229676
9.22605397	1.006077475
9.226127211	1.005868198
9.226200843	1.005651171
9.226274669	1.005427097
9.226349082	1.005195977
9.22642369	1.00495781
9.226498689	1.004711892
9.226574078	1.004458929
9.226649663	1.004198214
9.226725833	1.003930453
9.226802199	1.00365494
9.226879151	1.003371677
9.226956298	1.003081368
9.227033835	1.002783307
9.227111764	1.0024782
9.227189887	1.002164638
9.227268597	1.001844029
9.227347697	1.001514965
9.227427188	1.001178854
9.227506874	1.000834992
9.227587146	1.000482675
9.227667613	1.000123311
9.227748471	0.999755492
9.227829915	0.999379921
9.227911554	0.9989966
9.227993779	0.998604823
9.228076199	0.998205295
9.22815901	0.997797312
9.228242407	0.997381577
9.228325999	0.996958092
9.228410177	0.996525446
9.228494551	0.996085049
9.22857951	0.995636902
9.22866486	0.995180298
9.228750601	0.994714535
9.228836537	0.99424102
9.228923059	0.99375905
9.229009971	0.993269329
9.229097274	0.992770448
9.229141219	0.992517484
9.230548615	0.973183011
9.233362236	0.934513362
9.234769046	0.915178889
9.238521322	0.916038544
9.242272425	0.916898198
9.246024115	1.013142142
9.246039154	1.013353533
9.246069427	1.013773495
9.24610009	1.014188525
9.246130949	1.014597918
9.246162198	1.015001674
9.246194034	1.015399087
9.24622626	1.01579016
9.246258876	1.016174186
9.246292079	1.016550461
9.246325672	1.016918985
9.246360046	1.017279053
9.246394811	1.017629961
9.246430358	1.017972414
9.246466295	1.018305001
9.246503208	1.018627724
9.246540707	1.018939877
9.246569222	1.019167474
9.246588558	1.019315447
9.246607894	1.019460602
9.24662762	1.019602234
9.246647541	1.019741751
9.246667658	1.019877746
9.24668797	1.020010922
9.246708478	1.020141279
9.24672918	1.020268114
9.246750078	1.020392129
9.246771172	1.020512622
9.24679246	1.020629591
9.24681414	1.020743742
9.246836014	1.02085437
9.246858084	1.020961474
9.24688035	1.021064351
9.24690281	1.021164409
9.246925661	1.021260944
9.246948708	1.021353251
9.246971949	1.021442035
9.246995582	1.021527296
9.247019214	1.021609033
9.247043432	1.021685839
9.247067651	1.021759825
9.24709226	1.021828879
9.247117064	1.02189441
9.247142259	1.021955714
9.247167649	1.022012789
9.247186985	1.022052953
9.247199875	1.02207832
9.247212961	1.022102982
9.247226046	1.022126235
9.247239132	1.022148784
9.247252413	1.022169923
9.247265694	1.022189652
9.247278975	1.022208678
9.247292451	1.022226293
9.247305928	1.022243205
9.247319599	1.022258707
9.247333271	1.022273504
9.247346943	1.022286892
9.24736081	1.022298871
9.247374676	1.022310145
9.247388739	1.02232001
9.247402801	1.022328465
9.247416863	1.022336216
9.247431121	1.022342558
9.247445378	1.022348195
9.247459831	1.022351718
9.247474284	1.022355242
9.247488737	1.022356651
9.247503385	1.022357356
9.247518033	1.022356651
9.247532877	1.022354537
9.24754772	1.022351014
9.247562564	1.022346786
9.247577602	1.022341149
9.247592837	1.022334103
9.247608071	1.022326352
9.247623305	1.022317191
9.247638539	1.022306622
9.247654164	1.022294643
9.247669593	1.022281255
9.247685218	1.022266458
9.247701038	1.022250956
9.247716858	1.022234044
9.247732678	1.022215724
9.247748693	1.022195994
9.247764708	1.022174855
9.247780919	1.022153011
9.24779713	1.022129054
9.247813536	1.022104392
9.247829942	1.02207832
9.247846348	1.022050135
9.247862949	1.022021245
9.247879745	1.021990945
9.247896542	1.021959237
9.247913339	1.021926119
9.247938924	1.021873976
9.247973298	1.021799285
9.248008063	1.021719661
9.248043024	1.021633696
9.24807857	1.021542093
9.248114507	1.021444854
9.248150834	1.021341977
9.248187357	1.021233463
9.248224466	1.021118608
9.248261965	1.02099741
9.248299855	1.020870576
9.248338136	1.020738105
9.248376807	1.020599292
9.248416064	1.020453432
9.248455516	1.020302641
9.248495555	1.020144802
9.248535983	1.019980623
9.248576803	1.019810101
9.248618209	1.019633238
9.248659809	1.019450033
9.248701996	1.019259781
9.248744573	1.019063188
9.248787737	1.018860253
9.248831291	1.018650272
9.248875235	1.018433245
9.248919766	1.018209875
9.248964491	1.01797946
9.249009998	1.017742703
9.249055896	1.017498194
9.249102184	1.01724664
9.249148863	1.016988743
9.249196323	1.016723096
9.249243978	1.016450403
9.24929222	1.016170663
9.249341047	1.015883876
9.249390265	1.015589339
9.249440069	1.015287051
9.249490263	1.014978421
9.249541043	1.014661335
9.24959241	1.014337203
9.249644166	1.01400532
9.249696509	1.013665686
9.249749243	1.013318301
9.249776	1.013142142
9.253996626	0.982636391
9.258217448	0.952129935
9.267597356	1.067503303
9.267633293	1.067639297
9.267685245	1.063723642
9.267705362	1.067908468
9.267777626	1.06817482
9.267850281	1.068437649
9.267860827	1.056202371
9.267923131	1.068696954
9.267996372	1.068952737
9.268036606	1.048725492
9.268069808	1.069204996
9.26814344	1.069453732
9.268212579	1.041287368
9.268217462	1.069698945
9.268291679	1.069940635
9.268366287	1.070178801
9.268388357	1.033879543
9.26844109	1.070413444
9.268516284	1.070644565
9.26856433	1.02649638
9.268591869	1.070871457
9.268667453	1.071094826
9.268743624	1.071314672
9.26881999	1.071530995
9.268828193	1.01545123
9.268896551	1.07174309
9.268973503	1.071950957
9.269050845	1.072156006
9.269128383	1.072356122
9.269180139	1.000744799
9.269206311	1.072552715
9.269284434	1.072745785
9.269362949	1.072934628
9.269441853	1.073119242
9.269444002	0.989699649
9.269521149	1.073299628
9.26960064	1.073476492
9.269619975	0.982316487
9.269660404	1.073606144
9.269700442	1.073691405
9.269740481	1.073775257
9.269780714	1.073858404
9.269795753	0.974908662
9.269820948	1.073940846
9.269861182	1.074021879
9.269901611	1.074102207
9.269942235	1.074181126
9.269971727	0.967470537
9.269982859	1.074258636
9.270023483	1.074335441
9.270064108	1.074411542
9.270105123	1.074486233
9.270145942	1.074559515
9.270147505	0.959993658
9.270186957	1.074632093
9.270228167	1.074703965
9.270269182	1.074774429
9.270310588	1.074843483
9.270323087	0.952472387
9.270351798	1.074911833
9.270393399	1.074978773
9.270410976	0.948692726
9.270434804	1.075045009
9.270476405	1.075109835
9.270518201	1.075173957
9.270559997	1.075236669
9.270601989	1.075297972
9.27064398	1.075358571
9.270685971	1.07541776
9.270728158	1.075476245
9.270770345	1.07553332
9.270812727	1.075589691
9.270855109	1.075643948
9.270897686	1.075698205
9.270940264	1.075750348
9.270983036	1.075801786
9.271025809	1.07585252
9.271068582	1.07590114
9.271111745	1.07594976
9.271154713	1.075996265
9.271197876	1.076042067
9.271241235	1.076086459
9.271284593	1.076130146
9.271327952	1.076171719
9.271371506	1.076213293
9.27141506	1.076252752
9.271458809	1.076291507
9.271502753	1.076328853
9.271546698	1.076364789
9.271590642	1.076400021
9.271634782	1.076433844
9.271678922	1.076466257
9.271723257	1.076497965
9.271767788	1.076528265
9.271812123	1.076557155
9.271856849	1.076584635
9.271901574	1.076611412
9.2719463	1.076636778
9.271991221	1.076660736
9.272036142	1.076683989
9.272081259	1.076705128
9.27212657	1.076725562
9.272171687	1.076744588
9.272217194	1.076762908
9.272262701	1.076779115
9.272308208	1.076794617
9.27235391	1.076808709
9.272399807	1.076822097
9.272445705	1.076833372
9.272491603	1.076843941
9.272537696	1.076853101
9.272583984	1.076860852
9.272630272	1.076867194
9.272676756	1.076872126
9.272723239	1.076876354
9.272769723	1.076878468
9.272816597	1.076879877
9.272863276	1.076879877
9.272910345	1.076879173
9.272957219	1.076876354
9.273004484	1.076872126
9.273051749	1.076867194
9.273099013	1.076860852
9.273146474	1.076853101
9.273194129	1.076843941
9.273241784	1.076833372
9.27328944	1.076821393
9.27333729	1.076808005
9.273385336	1.076793207
9.273433382	1.076777705
9.273481624	1.076760794
9.27353006	1.076741769
9.273578302	1.076722039
9.273626934	1.0767009
9.273675566	1.076678352
9.273724393	1.076654394
9.27377322	1.076629027
9.273822047	1.076602251
9.273871265	1.076574066
9.273920483	1.076544471
9.273969701	1.076513467
9.274019114	1.076481054
9.274068722	1.076447232
9.274118331	1.076412705
9.274167939	1.076376064
9.274217938	1.076338013
9.274267742	1.076298554
9.274317937	1.076257685
9.274368131	1.076216111
9.274418521	1.076172424
9.27446891	1.076127327
9.2745193	1.076080822
9.27457008	1.076032906
9.274620861	1.075984287
9.274671641	1.075933553
9.274722617	1.07588141
9.274773788	1.075827858
9.274824959	1.075772896
9.274876325	1.075716525
9.274927886	1.075658041
9.274979448	1.075598851
9.275031205	1.075538253
9.275082962	1.07547554
9.275134914	1.075412123
9.275186866	1.075346592
9.275239014	1.075279652
9.275291356	1.075212007
9.275343699	1.075142248
9.275396237	1.07507108
9.275448971	1.074998503
9.275501704	1.074923811
9.275554633	1.074848415
9.275607562	1.074770906
9.275660686	1.074692691
9.275714005	1.074612363
9.275767324	1.074530625
9.275820839	1.074447478
9.275874354	1.074362922
9.275928259	1.074276252
9.275981969	1.074188877
9.276036069	1.074099389
9.27609017	1.074008491
9.276144271	1.073916184
9.276198762	1.073821763
9.276253058	1.073726637
9.276307744	1.073629397
9.276362431	1.073530748
9.276417313	1.07343069
9.276472194	1.073329223
9.276527467	1.073225642
9.276582544	1.073120651
9.276638012	1.073014251
9.276693479	1.072906442
9.276748947	1.072796519
9.276804805	1.072685187
9.276860664	1.072572445
9.276916522	1.072458294
9.276972771	1.07234203
9.277028825	1.07222506
9.277085269	1.072105977
9.277141713	1.07198478
9.277198353	1.071862173
9.277255188	1.071738158
9.277312023	1.071612733
9.277369053	1.071485898
9.277426279	1.07135695
9.277483504	1.071226593
9.277540925	1.071094122
9.277598346	1.070960241
9.277655962	1.070824951
9.277713773	1.070688252
9.277800881	1.070478975
9.27791709	1.070195008
9.27803408	1.069904698
9.278151461	1.069607342
9.278269623	1.06930294
9.27838798	1.068992196
9.278507118	1.068675111
9.278626647	1.068350979
9.278746958	1.0680198
9.278867659	1.067681576
9.27898875	1.067337009
9.279110623	1.066984692
9.279233082	1.066626033
9.279355931	1.066260327
9.279479366	1.06588828
9.279603387	1.065508482
9.279727995	1.065121638
9.279790493	1.064925749
9.292921895	0.952989589
9.301363343	0.952989589
9.307928849	1.010134761
9.314494745	1.067279229
9.314516034	1.067391971
9.314559002	1.067616045
9.314602165	1.067836595
9.314645524	1.068054327
9.314689078	1.068269241
9.314732827	1.068481336
9.314776771	1.068689908
9.314821107	1.068895661
9.314865442	1.069099301
9.314910167	1.069299417
9.314955089	1.06949601
9.315000205	1.069690489
9.315045517	1.069881445
9.315091024	1.070069583
9.315136726	1.070254197
9.315182819	1.070436697
9.315229107	1.070615675
9.31527559	1.070791129
9.315322269	1.070964469
9.315369143	1.071133581
9.315416408	1.07130058
9.315463673	1.071464055
9.315511328	1.071624712
9.315559179	1.071781845
9.315607225	1.07193616
9.315655662	1.072086952
9.315704098	1.072234925
9.315752926	1.07238008
9.315801948	1.072521007
9.315851166	1.07265982
9.315900774	1.07279511
9.315950578	1.072926877
9.316000577	1.073055825
9.316050772	1.07318125
9.316101161	1.073303856
9.316151942	1.073422939
9.316202917	1.073538499
9.316254088	1.073651241
9.316305455	1.073760459
9.316357211	1.073866155
9.316409164	1.073969031
9.316461311	1.074068385
9.316513654	1.074164215
9.316566387	1.074257227
9.316619316	1.074346716
9.31667244	1.074432681
9.316712674	1.074495393
9.316739431	1.074535558
9.316766188	1.074575017
9.316793141	1.074613772
9.316820094	1.074651822
9.316847046	1.074689168
9.316874194	1.074725104
9.316901342	1.074761041
9.31692849	1.074795568
9.316955833	1.07482939
9.316983177	1.074861804
9.31701052	1.074894217
9.317038058	1.074925221
9.317065597	1.07495552
9.317093331	1.074985115
9.317120869	1.075014005
9.317148603	1.075041485
9.317176337	1.075068261
9.317204266	1.075094333
9.317232196	1.0751197
9.317260125	1.075143657
9.317288249	1.07516691
9.317316374	1.075189459
9.317344498	1.075211302
9.317372818	1.075232441
9.317401138	1.075252171
9.317429458	1.075271196
9.317457973	1.075289517
9.317486488	1.075306428
9.317515003	1.075323339
9.317543713	1.075338841
9.317572424	1.075352934
9.317601134	1.075367027
9.31763004	1.07537971
9.317658946	1.075391689
9.317687851	1.075402963
9.317716952	1.075413533
9.317746053	1.075422693
9.31777535	1.075431148
9.317804451	1.075438899
9.317833747	1.075445241
9.317863239	1.075450878
9.317892535	1.075455811
9.317922222	1.075460038
9.317951714	1.075463562
9.317981401	1.075465675
9.318011088	1.075467085
9.318040775	1.075467085
9.318070657	1.07546638
9.318100539	1.075464971
9.318130617	1.075462857
9.318160694	1.075460038
9.318190772	1.075455811
9.318220849	1.075450878
9.318251122	1.075444536
9.318281591	1.07543749
9.318311863	1.075429739
9.318342332	1.075421283
9.3183728	1.075412123
9.318403463	1.075401554
9.318434127	1.075389575
9.31846479	1.075377596
9.318495649	1.075364208
9.318526508	1.075350115
9.318557562	1.075335318
9.318588421	1.075319111
9.318619475	1.0753022
9.318650724	1.07528388
9.318681974	1.075265559
9.318713223	1.075245829
9.318744473	1.07522469
9.318775917	1.075203551
9.318807558	1.075181003
9.318839002	1.075157045
9.318870642	1.075133088
9.318902478	1.075107721
9.318934118	1.075080945
9.318965953	1.075054169
9.318997984	1.075025983
9.319030014	1.074997093
9.319062045	1.074966794
9.319094076	1.07493579
9.319126302	1.074904082
9.319158528	1.074870964
9.319190949	1.074837141
9.31922337	1.074802614
9.319255792	1.074766678
9.319288408	1.074730037
9.319321025	1.074691987
9.319353641	1.074653936
9.319386453	1.074613772
9.319419265	1.074573608
9.319452272	1.074532034
9.31948528	1.074489756
9.319518287	1.074446069
9.319551489	1.074401677
9.319601293	1.074333327
9.319667893	1.074238906
9.319734884	1.074140962
9.319802266	1.074038086
9.319869843	1.07393239
9.319937615	1.073822467
9.320005778	1.073708316
9.320074136	1.073589938
9.320142885	1.073468036
9.320212024	1.073342611
9.320281359	1.073212958
9.320350889	1.073079078
9.320421005	1.072941674
9.320491121	1.072800042
9.320561627	1.072654183
9.320632524	1.072504096
9.320703617	1.072350485
9.3207751	1.072192647
9.320846778	1.072031286
9.320918847	1.071864992
9.320991307	1.071695175
9.321063962	1.07152113
9.321136812	1.071343562
9.321210053	1.071161062
9.321283684	1.070975038
9.321357511	1.070784787
9.321431729	1.070590308
9.321506337	1.070391601
9.32158114	1.070188666
9.321656139	1.069981503
9.321731528	1.069770818
9.321807308	1.069555199
9.321883478	1.069336058
9.321959844	1.069111984
9.321998125	1.068998538
9.322349485	1.050200997
9.323052988	1.012605915
9.323756882	0.975010834
9.324460384	0.937415752
9.324811745	0.918618211
9.337004883	0.916898903
9.338177909	0.929036236
9.340522983	0.953312312
9.344039716	0.989725721
9.346384205	1.014001797
9.348729865	1.013142142
9.352246989	1.011852661
9.354591477	1.010993711
9.355763917	1.010564589
9.360922417	0.881236634
9.366081112	0.751909384
9.367370932	0.751372452
9.369950182	0.750297884
9.372529432	0.749223316
9.375108878	0.748149453
9.376398503	0.747612521
9.376750059	0.772102806
9.377453562	0.821084081
9.37815726	0.870065355
9.378860763	0.919046629
9.379212123	0.943537619
9.379227748	0.94354537
9.379258607	0.943560872
9.379289466	0.943577783
9.379320129	0.943595399
9.379350598	0.943613719
9.37938087	0.943632744
9.379410948	0.943652474
9.379441026	0.943673613
9.379470713	0.943694752
9.379500399	0.943717301
9.379529891	0.943740553
9.379559187	0.943763806
9.379588289	0.943788469
9.379617194	0.943813836
9.3796461	0.943840612
9.379674615	0.943867388
9.37970313	0.943894868
9.37973145	0.943923054
9.37975977	0.943952649
9.379787699	0.943982243
9.379815433	0.944013247
9.379843167	0.944044956
9.379870705	0.944076664
9.379898049	0.944109782
9.379925392	0.944143605
9.379952344	0.944178132
9.379979297	0.944213363
9.380006054	0.9442493
9.380032616	0.944285941
9.380059178	0.944323286
9.380085545	0.944361337
9.380111521	0.944400092
9.380137693	0.944439551
9.380163473	0.944479715
9.380201949	0.944541019
9.38025273	0.944625575
9.380302924	0.944712949
9.380352728	0.944803143
9.38040175	0.944896154
9.380450187	0.944991985
9.380498233	0.945089929
9.380545498	0.945190692
9.380592372	0.945294273
9.38063866	0.945400673
9.380684362	0.945509187
9.380729479	0.945620519
9.380774204	0.94573467
9.380818344	0.945850935
9.380861898	0.945969313
9.380905061	0.94609051
9.380947639	0.946214526
9.38098963	0.946340656
9.381031231	0.946468899
9.381072441	0.946599961
9.38111287	0.946732433
9.381153104	0.946868427
9.381192752	0.947005831
9.381231813	0.947146053
9.381270484	0.947287685
9.381308765	0.947432135
9.38134646	0.947578699
9.381383764	0.947727377
9.381420677	0.947878169
9.3814572	0.948031074
9.381493137	0.948186094
9.381528683	0.948343228
9.381563839	0.94850177
9.381598408	0.948663132
9.381632783	0.948825902
9.381666766	0.948990787
9.381700164	0.949157785
9.381733171	0.949326193
9.381765983	0.949496715
9.381798209	0.94966935
9.38183024	0.949843395
9.381861685	0.950019554
9.381892934	0.950197826
9.381923598	0.950376803
9.381954066	0.950558599
9.381984143	0.9507411
9.38201383	0.950925714
9.382043322	0.951112442
9.382072423	0.951299875
9.382101133	0.951489422
9.382129453	0.951680378
9.382157578	0.951872743
9.382185312	0.952067222
9.382226326	0.952361055
9.382279841	0.952757764
9.382332379	0.953160111
9.382383746	0.953568094
9.38243394	0.95398101
9.382483158	0.954398858
9.382531204	0.954821639
9.382578469	0.955249353
9.382624757	0.955680589
9.382670264	0.956116758
9.382714794	0.95655645
9.382758543	0.95700037
9.382801511	0.957447108
9.382843893	0.957898075
9.382885494	0.958351155
9.382926704	0.958807758
9.382967133	0.95926718
9.383006976	0.95972942
9.383046429	0.960193775
9.383085491	0.960659538
9.383123966	0.96112812
9.383181192	0.96183346
9.383256386	0.962779079
9.383367907	0.96420526
9.383515366	0.966110592
9.383626692	0.967536068
9.383701886	0.968481688
9.383759111	0.969187028
9.383797587	0.96965561
9.383836649	0.970122078
9.383876101	0.970586432
9.383915944	0.971047968
9.383956373	0.97150739
9.383997583	0.971963993
9.384039184	0.972417778
9.384081566	0.97286804
9.384124534	0.973315483
9.384168283	0.973758698
9.384212814	0.974199095
9.384258321	0.974634559
9.384304609	0.9750665
9.384351678	0.975493509
9.38439992	0.975916289
9.384449138	0.976334138
9.384499332	0.976747758
9.384550698	0.977155037
9.384603041	0.977558088
9.384656751	0.977954798
9.384697766	0.97824863
9.3847255	0.978442405
9.384753429	0.97863477
9.384781944	0.978826431
9.384810655	0.979015273
9.38483956	0.97920341
9.384869052	0.979389434
9.384898739	0.979574048
9.384928816	0.979757253
9.384959285	0.979938344
9.384990143	0.980118026
9.385021198	0.980295594
9.385052838	0.980471753
9.385084673	0.980645798
9.385116899	0.980818433
9.385149711	0.980988955
9.385182718	0.981158067
9.385216116	0.981324361
9.3852501	0.981489246
9.385284279	0.981652721
9.385319044	0.981813377
9.385354199	0.981972625
9.385389746	0.982129758
9.385425682	0.982284778
9.385462205	0.982437684
9.385498923	0.982588476
9.385536227	0.982737154
9.385574117	0.982883013
9.385612202	0.983027463
9.385650874	0.983169799
9.385690131	0.983310022
9.385729778	0.983447425
9.385769817	0.983582715
9.385810441	0.983715891
9.385851456	0.983846953
9.385893057	0.983975197
9.385935048	0.984101326
9.385977625	0.984224638
9.386020789	0.984345835
9.386064343	0.984464918
9.386108482	0.984581183
9.386153208	0.984695334
9.386198325	0.984805961
9.386244027	0.98491518
9.386290315	0.985020875
9.386337189	0.985124456
9.386384454	0.985225924
9.386432305	0.985323868
9.386480937	0.985419698
9.386529959	0.985512005
9.386579568	0.985602198
9.386629762	0.985689573
9.386680542	0.985774129
9.386719018	0.985836137
9.386744994	0.985876301
9.38677097	0.985915761
9.386797142	0.985954516
9.386823313	0.985992566
9.386849875	0.986029912
9.386876437	0.986066553
9.386903195	0.986102489
9.386930147	0.986137721
9.3869571	0.986172248
9.386984443	0.98620607
9.387011786	0.986238484
9.387039325	0.986270897
9.387067059	0.986302605
9.387094793	0.986332905
9.387122722	0.986363204
9.387151042	0.986392094
9.387179361	0.986420984
9.387207681	0.986448465
9.387236392	0.986475241
9.387265297	0.986501312
9.387294203	0.986526679
9.387323304	0.986551341
9.3873526	0.986575299
9.387382092	0.986598552
9.387411779	0.9866211
9.387441466	0.986642239
9.387471348	0.986663378
9.387501621	0.986683108
9.387531894	0.986702133
9.387562362	0.986720454
9.38759283	0.98673807
9.387623689	0.986754981
9.387654743	0.986770483
9.387670173	0.986778234
9.387701032	0.986771187
9.387762359	0.986757799
9.3878231	0.986745821
9.387883255	0.986735956
9.387943019	0.9867275
9.388002198	0.986720454
9.388060791	0.986714817
9.388118993	0.986710589
9.388176609	0.986708475
9.388233834	0.986707066
9.388290474	0.98670777
9.388346528	0.986709884
9.388402191	0.986713407
9.388457463	0.98671834
9.388511954	0.986724682
9.38856625	0.986733137
9.38861996	0.986742297
9.388673084	0.986753572
9.388725818	0.98676555
9.388777965	0.986778938
9.388829722	0.98679444
9.388880893	0.986810647
9.388931673	0.986828968
9.388982063	0.986848697
9.389031867	0.986869132
9.38908128	0.98689168
9.389130107	0.986914933
9.389178544	0.986939595
9.38922659	0.986966371
9.38927405	0.986993852
9.389321315	0.987022742
9.389367798	0.987053041
9.389414086	0.98708475
9.389459789	0.987117868
9.3895051	0.987152395
9.389549826	0.987187627
9.389594357	0.987224972
9.389638301	0.987263023
9.389681855	0.987302482
9.389725018	0.987343351
9.389767596	0.987385629
9.389809978	0.987428612
9.389851774	0.987473708
9.389893179	0.98751951
9.389934194	0.98756672
9.389974818	0.987614635
9.390014857	0.987664664
9.3900547	0.987715398
9.390093957	0.987767541
9.390133019	0.987820389
9.390171495	0.98787535
9.39020958	0.987931016
9.39024747	0.987987387
9.390284774	0.988045167
9.390321687	0.988104356
9.39035821	0.988164955
9.390394342	0.988226258
9.390430279	0.988288971
9.39046563	0.988353092
9.39050059	0.988417919
9.390535355	0.98848345
9.390569534	0.988551095
9.390603518	0.98861874
9.390637111	0.988688499
9.390670314	0.988758962
9.390703126	0.98883013
9.390735547	0.988902708
9.390767577	0.988976694
9.390799413	0.989051385
9.390830662	0.989126781
9.390861716	0.989203587
9.39089238	0.989281801
9.390922653	0.98936072
9.39095273	0.989440344
9.390982417	0.989521377
9.391011714	0.989603114
9.391040619	0.989686261
9.39106933	0.989770113
9.39109765	0.989855374
9.391125579	0.989940635
9.391153313	0.990028009
9.391180461	0.990115384
9.391207609	0.990204168
9.391234171	0.990294361
9.391260537	0.990384554
9.391286709	0.990476157
9.391312489	0.990569169
9.39133788	0.99066218
9.391363074	0.990756602
9.391387879	0.990851727
9.391424597	0.990996882
9.391472447	0.991192066
9.391519126	0.991391477
9.391564633	0.991594412
9.391609164	0.991800166
9.391652522	0.992010147
9.391694709	0.992222242
9.391735919	0.99243786
9.391775958	0.992657001
9.391815215	0.992878961
9.3918533	0.99310374
9.391890409	0.993331337
9.391926541	0.993562457
9.391961892	0.993795691
9.391996071	0.994031744
9.392029469	0.994270615
9.392062085	0.994512305
9.392093725	0.994756813
9.392124584	0.995003435
9.392154662	0.995252171
9.392183763	0.995503726
9.392212278	0.995757394
9.392240012	0.996013177
9.392266964	0.996271073
9.392293136	0.996531788
9.392318721	0.996793912
9.392343525	0.99705815
9.392367744	0.997324502
9.392391376	0.997592968
9.392414227	0.997862843
9.392436688	0.998134832
9.392458367	0.99840823
9.392479656	0.998683742
9.392500358	0.998959959
9.392520475	0.99923829
9.392540201	0.99951803
9.392559342	0.999799179
9.392587466	1.000223369
9.392623208	1.000793419
9.392657582	1.001368401
9.392690589	1.001946906
9.392722425	1.002528934
9.392753284	1.003113781
9.392783166	1.003701446
9.39282672	1.004587172
9.392883555	1.005771663
9.392939608	1.006958268
9.392982186	1.007846812
9.393011091	1.008437296
9.393040583	1.009026371
9.393070856	1.009612627
9.393102105	1.010196769
9.393134331	1.010777388
9.393167924	1.011353779
9.393202885	1.011926648
9.393230228	1.012352952
9.393248978	1.01263551
9.393268118	1.012916659
9.393287844	1.013197104
9.393297805	1.013336622
9.413915985	0.997674001
9.421419364	0.844715416
9.423060545	0.780481618
9.426343689	0.652013318
9.427985065	0.587778815
9.431736755	0.453724875
9.437364582	0.735581588
9.437386652	0.735647119
9.437430596	0.735774658
9.437474541	0.735899378
9.437518485	0.736020575
9.43756243	0.736138954
9.437606374	0.736253809
9.437650514	0.736365846
9.437694459	0.736475065
9.437738403	0.736581465
9.437782348	0.736684341
9.437826292	0.736785104
9.437870237	0.736883048
9.437914181	0.736977469
9.437958126	0.737069776
9.43800207	0.737159265
9.438046015	0.737245935
9.438090155	0.737329787
9.438134099	0.737411524
9.438178044	0.737490443
9.438221988	0.737566544
9.438265933	0.737640531
9.438309877	0.737712403
9.438353822	0.737781458
9.438397766	0.737848398
9.438441711	0.73791252
9.438485851	0.737975232
9.438529795	0.738035126
9.43857374	0.738092906
9.438617684	0.738148572
9.438661629	0.738202124
9.438705573	0.738253563
9.438749518	0.738303592
9.438793462	0.738350802
9.438837407	0.738396604
9.438881547	0.738440291
9.438925491	0.738482569
9.438969436	0.738522029
9.43901338	0.738560784
9.439057325	0.738597425
9.439101269	0.738631952
9.439145214	0.738665069
9.439189158	0.738696778
9.439233103	0.738727077
9.439277047	0.738755263
9.439321187	0.738782039
9.439365131	0.73880811
9.439409076	0.738832068
9.439453021	0.738854616
9.439496965	0.73887646
9.43954091	0.73889619
9.439584854	0.738915215
9.439628799	0.738932831
9.439672743	0.738949742
9.439716883	0.738964539
9.439760827	0.738979337
9.439804772	0.73899202
9.439848716	0.739004703
9.439892661	0.739015978
9.439936605	0.739025842
9.43998055	0.739035707
9.440024494	0.739044163
9.440068439	0.739051914
9.440112384	0.73905896
9.440156523	0.739065302
9.440200468	0.739070939
9.440244412	0.739075872
9.440288357	0.739080099
9.440332301	0.739084327
9.440398316	0.739088555
9.440486205	0.739093487
9.440574094	0.739097011
9.440661983	0.73909842
9.440794012	0.739099829
9.44096979	0.739100534
9.441101623	0.739101943
9.441116272	0.453724875
9.441189708	0.739103352
9.441277597	0.739106171
9.441365486	0.739109694
9.4414315	0.739113922
9.441475445	0.739117445
9.441519389	0.739120968
9.441563334	0.739125901
9.441607278	0.739130833
9.441651223	0.73913647
9.441695167	0.739142812
9.441739112	0.739149858
9.441783252	0.739157609
9.441827196	0.739166065
9.441871141	0.73917593
9.441915085	0.739186499
9.44195903	0.739197773
9.442002974	0.739209752
9.442046919	0.73922314
9.442090863	0.739237938
9.442134808	0.739253439
9.442178948	0.739269646
9.442222892	0.739287262
9.442266837	0.739306287
9.442310781	0.739326722
9.442354726	0.739348565
9.44239867	0.739371113
9.442442615	0.739395071
9.442486559	0.739421143
9.442530504	0.739447919
9.442574448	0.739476809
9.442618588	0.739507108
9.442662532	0.739538817
9.442706477	0.739571934
9.442750422	0.739607166
9.442794366	0.739643807
9.442838311	0.739682562
9.442882255	0.739722726
9.4429262	0.7397643
9.442970144	0.739808692
9.443014284	0.739854493
9.443058228	0.739901703
9.443102173	0.739951733
9.443146117	0.740003171
9.443190062	0.740057428
9.443234006	0.740113094
9.443277951	0.740170874
9.443321895	0.740231473
9.44336584	0.740294185
9.443409785	0.740359011
9.443453924	0.740425952
9.443497869	0.740495006
9.443541813	0.740566879
9.443585758	0.740640865
9.443629702	0.74071767
9.443673647	0.74079659
9.443717591	0.740878327
9.443761536	0.740962883
9.44380548	0.741049553
9.44384962	0.741139747
9.443893565	0.741231349
9.443937509	0.741326475
9.443981454	0.741424419
9.444025398	0.741525182
9.444069343	0.741628763
9.444113287	0.741735163
9.444157232	0.741844381
9.444201176	0.741957123
9.444245316	0.742072683
9.444289261	0.742191062
9.444333205	0.742312259
9.44437715	0.742437684
9.444421094	0.742565223
9.444465039	0.742696285
9.444508983	0.74283087
9.444552928	0.742968978
9.444596872	0.743109905
9.444640817	0.743254356
9.444684957	0.743402329
9.444728901	0.743553825
9.444772846	0.743708845
9.44481679	0.743867388
9.444860735	0.744029454
9.444904679	0.744195043
9.444948624	0.74436486
9.444992568	0.744537495
9.445036513	0.744715063
9.445080653	0.74489545
9.445124597	0.745080064
9.445168542	0.745268202
9.445212486	0.745460567
9.445256431	0.74565716
9.445300375	0.745857276
9.44534432	0.74606162
9.445388264	0.746270192
9.445432209	0.746482992
9.445476349	0.746699315
9.445520293	0.74692057
9.445564238	0.747145349
9.445608182	0.747375059
9.445652127	0.747608998
9.445696071	0.747847165
9.445740016	0.748089559
9.44578396	0.748336181
9.445827905	0.748587736
9.445871849	0.748844223
9.445915989	0.749104938
9.445959933	0.74936988
9.446003878	0.749639755
9.446047822	0.749913858
9.446091767	0.750193598
9.446135712	0.750477566
9.446179656	0.750766466
9.446223601	0.751059594
9.446267545	0.75135836
9.446311685	0.751662057
9.446355629	0.751970687
9.446399574	0.75228425
9.446443518	0.752602745
9.446487463	0.752926172
9.446531407	0.753254532
9.446575352	0.753588529
9.446619296	0.753928162
9.446663241	0.754272024
9.446707186	0.754622228
9.446751325	0.754977364
9.44679527	0.755337432
9.446839214	0.755703137
9.446883159	0.75607448
9.446927103	0.756451459
9.446971048	0.756833372
9.447014992	0.757221625
9.447058937	0.757614811
9.447102881	0.758014339
9.447147021	0.7584188
9.447190966	0.758829602
9.44723491	0.759246041
9.447278855	0.759668117
9.447322799	0.760096535
9.447366744	0.76053059
9.447410688	0.760970282
9.447454633	0.761416316
9.447498577	0.761867987
9.447542717	0.762325999
9.447586662	0.762790354
9.447630606	0.763260345
9.447674551	0.763736678
9.447718495	0.764219353
9.44776244	0.764708369
9.447806384	0.765203023
9.447850329	0.765704723
9.447894273	0.766212764
9.447938218	0.766727148
9.447982358	0.767247873
9.448026302	0.76777494
9.448070247	0.768309053
9.448114191	0.768849508
9.448158136	0.769396304
9.44820208	0.769950147
9.448246025	0.770511036
9.448312039	0.771364349
9.448399928	0.772525587
9.448487817	0.77371501
9.448575902	0.774931915
9.448619846	0.775551289
9.452372122	0.771463703
9.456123421	0.767376821
9.45614178	0.763902267
9.456178498	0.757080698
9.45621502	0.750428946
9.456251739	0.743944898
9.456288261	0.737625733
9.456324979	0.731470749
9.456361502	0.725477126
9.45639822	0.71964275
9.456434743	0.713965508
9.456471461	0.70844399
9.456507984	0.703075378
9.456544702	0.697858967
9.45658142	0.692791234
9.456617943	0.68787077
9.456654661	0.683096165
9.456691184	0.678464601
9.456727902	0.673973964
9.456764425	0.669622844
9.456801143	0.665408424
9.456837861	0.661329293
9.456874383	0.657384044
9.456911102	0.653569151
9.456947624	0.649883207
9.456984342	0.646324801
9.457021061	0.642891821
9.457057583	0.639581447
9.457094301	0.636391566
9.457130824	0.633321472
9.457167542	0.630367643
9.45720426	0.627529374
9.457240783	0.624803847
9.457277501	0.622188948
9.457314219	0.619683267
9.457350742	0.61728469
9.45738746	0.614990399
9.457424178	0.612798985
9.457460701	0.610708334
9.457497419	0.608716332
9.457533942	0.606821569
9.45757066	0.605021227
9.457607378	0.603313897
9.457643901	0.60169676
9.457671439	0.600542569
9.457689798	0.599799884
9.457708157	0.599079042
9.457726516	0.59837934
9.45774468	0.597701481
9.457763039	0.597043353
9.457781398	0.596406363
9.457799757	0.595789103
9.457818116	0.595192277
9.457836475	0.594615181
9.457854639	0.594057815
9.457872998	0.59351877
9.457891357	0.592999454
9.457909716	0.592499163
9.457928075	0.592016488
9.457946434	0.591552839
9.457964598	0.591106805
9.457982957	0.590679092
9.458001316	0.59026829
9.458019675	0.589874399
9.458038034	0.589498124
9.458056393	0.589138056
9.458074557	0.588794898
9.458092916	0.588467948
9.458111275	0.588157204
9.458129634	0.587861257
9.458147993	0.587581517
9.458166352	0.587317279
9.458184516	0.587067134
9.458202875	0.586832491
9.458221234	0.586611235
9.458239593	0.586405482
9.458257952	0.586212412
9.458276311	0.58603414
9.458294475	0.58586855
9.458312834	0.585716349
9.458331193	0.585577536
9.458349552	0.585450702
9.458367911	0.585336551
9.458381583	0.585259041
9.458390762	0.585211126
9.458399942	0.58516603
9.458409121	0.585124456
9.458418301	0.585084997
9.45842748	0.58504906
9.45843666	0.585015238
9.458445839	0.584984938
9.458454824	0.584956753
9.458464003	0.584931386
9.458473183	0.584909543
9.458482362	0.584889813
9.458491542	0.584872197
9.458500721	0.584858104
9.458509901	0.584846125
9.45851908	0.584836965
9.458525916	0.584831328
9.458530603	0.58482851
9.458535095	0.584826396
9.458539588	0.584824986
9.458544275	0.584824282
9.458548767	0.584823577
9.458553455	0.584824282
9.458557947	0.584824986
9.458562634	0.584826396
9.458567126	0.58482851
9.458573962	0.584832737
9.458583141	0.584840488
9.458592321	0.584850353
9.458601501	0.584863037
9.45861068	0.584877129
9.45861986	0.584894041
9.458629039	0.584913066
9.458638219	0.584934205
9.458647398	0.584956753
9.458656578	0.58498212
9.458665757	0.585009601
9.458674741	0.585038491
9.458683921	0.585070199
9.458697788	0.585120228
9.458716147	0.58519492
9.458734311	0.585275953
9.45875267	0.585364737
9.458771029	0.585459862
9.458789388	0.585562034
9.458807747	0.585670548
9.458826106	0.585784699
9.45884427	0.585905191
9.458862629	0.586031321
9.458880988	0.586162383
9.458899347	0.586299082
9.458917706	0.586440009
9.458936065	0.586585869
9.458963408	0.586812761
9.459000126	0.587129142
9.459036844	0.587458911
9.459073367	0.587800659
9.459110085	0.588152272
9.459164967	0.588693431
9.459238403	0.589430479
9.459311644	0.590170345
9.459366526	0.590717142
9.459403244	0.591073687
9.459439767	0.591422481
9.459476485	0.591760706
9.459513203	0.592086247
9.459549725	0.592396991
9.459577264	0.592619656
9.459595623	0.592762697
9.459613982	0.592900805
9.459632146	0.593033276
9.459650505	0.59316152
9.459668864	0.593283422
9.459687223	0.593400391
9.459705582	0.593510314
9.459723746	0.5936146
9.459742105	0.593712544
9.459760464	0.593803442
9.459778823	0.593887294
9.459797182	0.593963394
9.459810854	0.594016242
9.459820033	0.594048655
9.459829213	0.594078954
9.459838392	0.594107844
9.459847376	0.59413462
9.459856556	0.594159283
9.459865735	0.594181126
9.459874915	0.594201561
9.459884094	0.594219881
9.459893274	0.594236088
9.459902453	0.594249476
9.459911633	0.59426075
9.459920812	0.594270615
9.459927648	0.594275547
9.45993214	0.594278366
9.459936828	0.59428048
9.45994132	0.594282594
9.459946007	0.594283298
9.459950499	0.594284003
9.459954992	0.594284003
9.459959679	0.594283298
9.459964171	0.594281889
9.459968858	0.594279775
9.459973351	0.594277661
9.459978038	0.594274138
9.459984874	0.594268501
9.459994053	0.594257932
9.460003233	0.594245248
9.460012217	0.594230451
9.460021397	0.59421213
9.460030576	0.594191696
9.460039756	0.594168443
9.460048935	0.594142371
9.460058115	0.594113481
9.460067294	0.594081773
9.460076474	0.594047246
9.460085653	0.594010605
9.460094637	0.593970441
9.460103817	0.593927458
9.460112996	0.593880952
9.460122176	0.593832332
9.460131356	0.593780189
9.460145027	0.593696338
9.460163386	0.593574436
9.460181745	0.593439146
9.460200104	0.593291877
9.460218268	0.593130516
9.460236627	0.592956471
9.460254986	0.592768334
9.460273345	0.592566808
9.460291509	0.59235119
9.460309868	0.592120774
9.460328227	0.591876266
9.460346586	0.591616256
9.46036475	0.591341448
9.460383109	0.591051139
9.460401468	0.590745327
9.460419827	0.590424014
9.460437991	0.590085789
9.46045635	0.589731358
9.460474709	0.58936072
9.460493068	0.588973171
9.460511231	0.588568006
9.46052959	0.58814593
9.46054795	0.587705533
9.460566309	0.587248225
9.460584472	0.586771892
9.460602831	0.586277239
9.46062119	0.585764264
9.460639354	0.585232265
9.460657713	0.584681241
9.460676072	0.584110487
9.460694431	0.583520003
9.460712595	0.582909789
9.460730954	0.582279141
9.460749313	0.581628763
9.460767477	0.580957246
9.460785836	0.58026459
9.460804195	0.579550795
9.460813374	0.579185795
9.461985228	0.57682245
9.463743399	0.573278137
9.464916229	0.570914792
9.465502742	0.56973312
9.470661633	0.630745327
9.475820133	0.691756831
9.48144796	0.68316381
9.487075592	0.674570085
9.487078522	0.673542727
9.487084576	0.671486603
9.487091412	0.669428365
9.487098834	0.667368718
9.487106646	0.665307661
9.48711524	0.663244491
9.487124419	0.661180615
9.487134185	0.659113922
9.487144732	0.657046524
9.487155669	0.654977011
9.487167192	0.652906794
9.487179497	0.650834464
9.487192192	0.648760724
9.487205668	0.646685574
9.487219535	0.644608311
9.487234183	0.642530343
9.487249417	0.640450966
9.487265042	0.63837018
9.487281448	0.63628728
9.48729844	0.634203675
9.487316018	0.63211866
9.487334181	0.630032237
9.487352736	0.627944404
9.487372071	0.625855162
9.487391993	0.623764511
9.4874125	0.621672451
9.487433594	0.619579685
9.487455273	0.617485511
9.487477538	0.615389927
9.487500389	0.613293639
9.487523631	0.611195237
9.487547654	0.60909613
9.487572263	0.606996318
9.487597458	0.604895098
9.487623043	0.602792467
9.48764941	0.600689133
9.487676167	0.598584389
9.487703706	0.596478236
9.487731635	0.594371378
9.487760345	0.592263815
9.487789446	0.590154843
9.487819133	0.588045167
9.487849602	0.585934081
9.48788046	0.583822291
9.487911905	0.581709796
9.487943936	0.579595892
9.487976357	0.577481283
9.48800956	0.57536597
9.488043348	0.573249247
9.488077527	0.57113182
9.488112292	0.569013688
9.488147838	0.566894851
9.488183775	0.56477531
9.488220298	0.562654359
9.488257407	0.560533408
9.488294906	0.558411049
9.488333187	0.556287984
9.488371858	0.55416492
9.488411115	0.552040446
9.488451153	0.549915268
9.488491387	0.547789385
9.488532402	0.545663502
9.488574003	0.543536209
9.488615994	0.541408917
9.488658571	0.539280216
9.488701735	0.537151514
9.488745484	0.535022108
9.488789819	0.532892702
9.488834545	0.530761886
9.488879856	0.528631071
9.488925754	0.526499551
9.488972237	0.524367326
9.489019307	0.522235101
9.489066767	0.520102172
9.489114813	0.517968538
9.489163445	0.515834904
9.489212467	0.513700565
9.489262271	0.511566227
9.489312466	0.509431184
9.489363246	0.50729614
9.489414417	0.505160392
9.489466369	0.503024645
9.489518712	0.500888192
9.489571445	0.49875174
9.48962496	0.496614582
9.489678865	0.494477425
9.489733356	0.492340268
9.489788238	0.490203111
9.489843901	0.488065249
9.489899955	0.485927387
9.489984914	0.482720595
9.490100147	0.478443462
9.490217527	0.474167034
9.490336861	0.469889196
9.490458539	0.465612063
9.490581974	0.461334931
9.490707557	0.457057798
9.49083529	0.452780665
9.490964975	0.448504237
9.491096808	0.444227808
9.4912304	0.439952789
9.491366335	0.435678475
9.491504027	0.431404866
9.491643869	0.42713196
9.491785663	0.422861169
9.49192941	0.418591083
9.492075306	0.41432311
9.49222296	0.410056547
9.492372762	0.405791393
9.492524321	0.401529057
9.492678029	0.397268131
9.492833691	0.393009319
9.49299111	0.388753325
9.493150482	0.384499445
9.493312002	0.380247679
9.493475281	0.375999436
9.493640317	0.371754012
9.493807501	0.367511406
9.493976443	0.363272324
9.494147339	0.35903606
9.494319992	0.354803319
9.494494793	0.350574806
9.494671157	0.346349111
9.494849474	0.342127645
9.495029745	0.337910406
9.495211772	0.33369669
9.495395558	0.329487907
9.495581297	0.325283351
9.495768794	0.321083024
9.495958048	0.316887628
9.49614906	0.312697166
9.496342025	0.308511635
9.496536748	0.304331037
9.496733229	0.300155372
9.496931468	0.295985344
9.497131464	0.291820952
9.497333218	0.287662198
9.49753673	0.283509081
9.497742	0.279362306
9.497949027	0.275221167
9.498157813	0.271086371
9.49836816	0.266957211
9.498580266	0.262835098
9.498794129	0.258720031
9.49900975	0.254611306
9.499226934	0.250508922
9.499445875	0.24641429
9.499666574	0.242326704
9.499888836	0.238246164
9.50011266	0.234173375
9.500338242	0.230107633
9.500565581	0.226050346
9.500794288	0.222000106
9.500967137	0.218968062
9.501082759	0.216949284
9.501198773	0.214932619
9.501315177	0.212917364
9.501432167	0.210904927
9.501549353	0.2088939
9.501667124	0.206885691
9.50178509	0.204878891
9.501903643	0.20287491
9.502022391	0.200872338
9.502141725	0.198872584
9.502261449	0.196874945
9.502381369	0.194879419
9.502501874	0.192886008
9.502622771	0.19089471
9.502744057	0.188906231
9.50286554	0.186919161
9.502987608	0.184934909
9.503110066	0.182952772
9.503232916	0.180973453
9.50335596	0.178996248
9.503479591	0.177021157
9.503603612	0.175048884
9.503728024	0.173078725
9.503852631	0.171110681
9.503977824	0.169145454
9.504103212	0.167183046
9.504229187	0.165222753
9.504355356	0.163264573
9.504482112	0.161309211
9.504609063	0.159355964
9.504736404	0.15740624
9.504864331	0.155457924
9.504992454	0.153513133
9.505120967	0.151570455
9.505249871	0.149630595
9.505379166	0.14769285
9.505508656	0.145757923
9.505638731	0.143825814
9.505769198	0.141896524
9.505834431	0.140933289
9.505867438	0.140685257
9.505933453	0.140192013
9.506032279	0.139460602
9.506164112	0.138497366
9.506296141	0.137549633
9.506427975	0.136615992
9.506559808	0.135695739
9.506691837	0.134789578
9.506823671	0.133895397
9.506955504	0.133013194
9.507087533	0.132143675
9.507219367	0.131284725
9.5073512	0.130436345
9.507483034	0.129598534
9.507615063	0.128770589
9.507746896	0.127951803
9.50787873	0.127141473
9.508010759	0.126339599
9.508142592	0.125545475
9.508274426	0.124758398
9.508406454	0.123978368
9.508538288	0.123204679
9.508670122	0.122436627
9.50880215	0.121673507
9.508933984	0.120915321
9.509065817	0.120161361
9.509197846	0.119410925
9.509395694	0.118291965
9.509659361	0.1168073
9.509923224	0.115329681
9.510187086	0.113853471
9.510450753	0.112375148
9.510714616	0.110891187
9.510912464	0.109771522
9.511044297	0.109021791
9.511176326	0.108267832
9.51130816	0.107509645
9.511439993	0.106746525
9.511572022	0.105978473
9.511703855	0.10520408
9.511835689	0.104424049
9.511967718	0.103637677
9.512099551	0.102842849
9.51223158	0.102040975
9.512363414	0.101231349
9.512495247	0.100412564
9.512627276	0.099583913
9.51275911	0.098746102
9.512890943	0.097898427
9.513022972	0.097039477
9.513154806	0.096169253
9.513286639	0.095287755
9.513418668	0.094393574
9.513550502	0.093486709
9.513682335	0.09256716
9.513814364	0.091633519
9.513946198	0.090685081
9.514078226	0.08972255
9.514177053	0.088991139
9.514243067	0.088497895
9.514276074	0.088249863
9.516503573	0.087175296
9.520958961	0.085026864
9.527641847	0.08180457
9.532097039	0.079656843
9.537724671	4.22781E-06
9.699990081	7.04635E-07
9.699990472	1.40927E-06
9.699990472	1.40927E-06
9.705149362	0.015039724
9.710307862	0.030078038
9.713590615	0.030937693
9.716873563	0.031797347
9.718749896	0.027071362
9.72250139	0.017618687
9.724377333	0.012892702
9.724846465	0.012948368
9.725784534	0.013057586
9.726722603	0.0131661
9.727660476	0.013273205
9.729067287	0.013432452
9.730942839	0.013644547
9.731880712	0.013750947
9.733053542	0.016973241
9.735398617	0.023418535
9.73891535	0.033085419
9.741259839	0.039530713
9.752515298	0.039530713
9.753453757	0.033945074
9.754860958	0.025566262
9.755798441	0.019980623
9.756267183	0.017188155
9.762363752	0.019981327
9.771274332	0.024062572
9.771279801	0.02406539
9.771290738	0.024071027
9.77130187	0.024078074
9.771313003	0.02408512
9.771324331	0.024092871
9.771335659	0.024102031
9.771346987	0.024111191
9.771358315	0.024121761
9.771375502	0.024138672
9.771398744	0.024164039
9.771422181	0.02419152
9.771445618	0.024222524
9.771469446	0.024256346
9.771493664	0.024293692
9.771517882	0.024333151
9.771542491	0.024376134
9.7715671	0.024421231
9.7715921	0.02446985
9.771617294	0.024521289
9.771642685	0.024575546
9.77166827	0.024632621
9.771694051	0.024692515
9.771720222	0.024755228
9.771746394	0.024820759
9.771772956	0.024888403
9.771799713	0.024959572
9.771826666	0.025033558
9.771853618	0.025110363
9.771880962	0.025189283
9.7719085	0.025271725
9.771936429	0.025356281
9.771964358	0.025443656
9.771992483	0.025533849
9.772020803	0.025626861
9.772049513	0.025722691
9.772078224	0.025820635
9.772107129	0.025922103
9.772136426	0.026024979
9.772180565	0.026185636
9.772240135	0.026408301
9.772300485	0.026641535
9.772361422	0.026884634
9.772423334	0.027138302
9.772486029	0.027401836
9.772549504	0.027675938
9.772613565	0.027959202
9.772678408	0.02825233
9.772744032	0.028555323
9.772810242	0.02886818
9.772877232	0.029190199
9.772945005	0.029521377
9.773013363	0.02986242
9.773082307	0.030211919
9.773152032	0.030571283
9.773222539	0.030939102
9.773293631	0.031316082
9.77336531	0.031702221
9.773437574	0.032096817
9.773510424	0.032499868
9.773584056	0.032911375
9.773658273	0.033332042
9.773733076	0.033760459
9.77380827	0.034197333
9.773884245	0.034641957
9.773960807	0.035095038
9.774037954	0.035555869
9.774115491	0.036025155
9.77419381	0.036501489
9.77427252	0.036986277
9.774351815	0.037478112
9.774431501	0.037977698
9.774511773	0.038484331
9.774592631	0.038998714
9.77467388	0.039520144
9.774755714	0.04004862
9.774837939	0.040583438
9.77492075	0.041126006
9.775003756	0.041675621
9.775087544	0.042231578
9.775171527	0.042793877
9.775256095	0.043363222
9.775383632	0.044229218
9.775555113	0.045405253
9.775728353	0.046605951
9.775902959	0.047830606
9.776078932	0.049077809
9.776256468	0.050347561
9.776435176	0.051638452
9.77661525	0.052950482
9.776796302	0.054282241
9.776978525	0.055633026
9.777161725	0.057001427
9.777345901	0.058388148
9.777531054	0.05979178
9.777716988	0.061211619
9.777903508	0.062646256
9.77809081	0.064095689
9.778278892	0.065558511
9.77846717	0.067034721
9.778656229	0.068523614
9.778845483	0.070023077
9.779035128	0.071533814
9.779224969	0.07305512
9.779415004	0.074584882
9.779605235	0.0761231
9.779795466	0.077669068
9.779985697	0.079222083
9.780175928	0.080780735
9.780365768	0.082345729
9.780555609	0.083914951
9.780744863	0.085487695
9.780933922	0.087063963
9.78112259	0.088642345
9.781310673	0.090222136
9.78149817	0.091803336
9.78168508	0.093384537
9.78187121	0.094964328
9.782056558	0.096543414
9.782240929	0.098120387
9.78242452	0.099693836
9.782607134	0.101263762
9.782878808	0.103609491
9.7832372	0.106717635
9.783590124	0.109796889
9.783937188	0.112841616
9.784278002	0.115844769
9.78461198	0.118801416
9.784938341	0.121705216
9.7852565	0.124549122
9.78556626	0.127328201
9.78586684	0.130036113
9.786157655	0.132665809
9.786438119	0.135213064
9.78670784	0.137669421
9.786966039	0.140030652
9.787212323	0.142290415
9.787446304	0.144441665
9.787667003	0.146478764
9.78787403	0.148396075
9.788066995	0.150187257
9.788328514	0.152623179
9.788622259	0.155372664
9.788849403	0.157507707
9.789054868	0.159450385
9.789095297	0.159835115
9.792377855	0.158975461
9.795660998	0.158115807
9.801757567	0.094955872
9.807854331	0.031795938
9.813012831	0.030936283
9.818171526	0.030076629
9.819109986	0.037380168
9.820517187	0.048336534
9.82145467	0.055640777
9.821923216	0.059292899
9.825440535	0.061012208
9.832475172	0.064449416
9.835992296	0.06616802
9.836343852	0.068315747
9.837047355	0.072612609
9.837751053	0.076908767
9.838454556	0.08120563
9.838805917	0.083354061
9.849123307	0.08507337
9.849709429	0.079487731
9.850882064	0.068317156
9.852054895	0.057145877
9.853227334	0.045974598
9.853813261	0.040388958
9.854164622	0.03534025
9.854868125	0.025243539
9.855571823	0.015146124
9.856275326	0.005049413
9.856626882	7.04635E-07
9.891331329	1.40927E-06
9.891331329	1.40927E-06
9.891331329	1.40927E-06
9.896489829	0.01332112
9.901648524	0.02664083
9.905400409	0.027930312
9.905869346	1.40927E-06
9.912903788	0.030507865
9.916655673	0.031796642
9.917594133	0.023847658
9.919001334	0.011924534
9.919938817	0.003976254
9.920407558	1.40927E-06
